{"prefix": {"metaOntology": "https://hacks.im/ontology/metaOntology/metaOntology#", "domain": "https://hacks.im/ontology/domain/domain#", "process": "https://hacks.im/ontology/domain/process/businessProcess#", "armament": "https://hacks.im/ontology/domain/existent/armament/armament#", "terrain": "https://hacks.im/ontology/domain/existent/terrain/terrain#", "mission": "https://hacks.im/ontology/domain/subsistent/cognitive/mission/mission#", "entity": "https://hacks.im/ontology/domain/existent/entity/entity#", "something": "https://hacks.im/ontology/something/something#", "message": "https://hacks.im/ontology/domain/subsistent/information/message/message#", "event": "https://hacks.im/ontology/core/event#", "xml": "http://www.w3.org/XML/1998/namespace", "information": "https://hacks.im/ontology/domain/subsistent/information/information#", "redTeam": "https://hacks.im/ontology/domain/subsistent/cognitive/redTeam/redTeam#", "rdfs": "http://www.w3.org/2000/01/rdf-schema#", "organisation": "https://hacks.im/ontology/domain/subsistent/social/organisation/organisation#", "virtual": "https://hacks.im/ontology/domain/subsistent/virtual/virtual#", "strategy": "https://hacks.im/ontology/domain/subsistent/cognitive/strategy/strategy#", "instance": "https://hacks.im/ontology/instance/instance#", "other": "https://hacks.im/ontology/domain/existent/entity/other/other#", "blueTeam": "https://hacks.im/ontology/domain/subsistent/cognitive/blueTeam/blueTeam#", "sensor": "https://hacks.im/ontology/domain/existent/sensor/sensor#", "personality": "https://hacks.im/ontology/domain/subsistent/cognitive/personality/personality#", "core": "https://hacks.im/ontology/core/core#", "xsd": "http://www.w3.org/2001/XMLSchema#", "power": "https://hacks.im/ontology/domain/existent/power/power#", "vehicle": "https://hacks.im/ontology/domain/existent/entity/vehicle/vehicle#", "spectrum": "https://hacks.im/ontology/domain/existent/spectrum/spectrum#", "behaviour": "https://hacks.im/ontology/domain/subsistent/cognitive/behaviour/behaviour#", "relationship": "https://hacks.im/ontology/domain/subsistent/social/relationship/relationship#", "device": "https://hacks.im/ontology/domain/existent/device/device#", "subsistent": "https://hacks.im/ontology/domain/subsistent/subsistent#", "cognitive": "https://hacks.im/ontology/domain/subsistent/cognitive/cognitive#", "capability": "https://hacks.im/ontology/domain/subsistent/cognitive/capability/capability#", "person": "https://hacks.im/ontology/domain/existent/entity/person/person#", "rdf": "http://www.w3.org/1999/02/22-rdf-syntax-ns#", "command": "https://hacks.im/ontology/domain/subsistent/social/command/command#", "informationValue": "https://hacks.im/ontology/domain/subsistent/information/informationValue/informationValue#", "situationalAwareness": "https://hacks.im/ontology/domain/subsistent/information/situationalAwareness/situationalAwareness#", "social": "https://hacks.im/ontology/domain/subsistent/social/social#", "existent": "https://hacks.im/ontology/domain/existent/#"}, "uri": {"http://www.w3.org/2001/XMLSchema#": "xsd", "https://hacks.im/ontology/domain/subsistent/cognitive/capability/capability#": "capability", "http://www.w3.org/2000/01/rdf-schema#": "rdfs", "https://hacks.im/ontology/domain/subsistent/social/command/command#": "command", "https://hacks.im/ontology/domain/existent/device/device#": "device", "https://hacks.im/ontology/core/event#": "event", "https://hacks.im/ontology/domain/subsistent/information/informationValue/informationValue#": "informationValue", "https://hacks.im/ontology/domain/subsistent/cognitive/personality/personality#": "personality", "https://hacks.im/ontology/domain/subsistent/social/relationship/relationship#": "relationship", "https://hacks.im/ontology/domain/existent/entity/person/person#": "person", "https://hacks.im/ontology/domain/domain#": "domain", "https://hacks.im/ontology/domain/subsistent/virtual/virtual#": "virtual", "https://hacks.im/ontology/domain/subsistent/social/social#": "social", "https://hacks.im/ontology/domain/existent/terrain/terrain#": "terrain", "https://hacks.im/ontology/domain/subsistent/information/information#": "information", "https://hacks.im/ontology/domain/existent/entity/vehicle/vehicle#": "vehicle", "https://hacks.im/ontology/something/something#": "something", "https://hacks.im/ontology/domain/subsistent/cognitive/redTeam/redTeam#": "redTeam", "https://hacks.im/ontology/domain/existent/entity/entity#": "entity", "https://hacks.im/ontology/instance/instance#": "instance", "http://www.w3.org/XML/1998/namespace": "xml", "https://hacks.im/ontology/domain/subsistent/subsistent#": "subsistent", "https://hacks.im/ontology/domain/existent/#": "existent", "https://hacks.im/ontology/domain/existent/entity/other/other#": "other", "https://hacks.im/ontology/domain/subsistent/information/situationalAwareness/situationalAwareness#": "situationalAwareness", "https://hacks.im/ontology/domain/existent/spectrum/spectrum#": "spectrum", "https://hacks.im/ontology/domain/subsistent/cognitive/mission/mission#": "mission", "https://hacks.im/ontology/domain/process/businessProcess#": "process", "http://www.w3.org/1999/02/22-rdf-syntax-ns#": "rdf", "https://hacks.im/ontology/domain/existent/power/power#": "power", "https://hacks.im/ontology/domain/subsistent/cognitive/strategy/strategy#": "strategy", "https://hacks.im/ontology/domain/subsistent/cognitive/behaviour/behaviour#": "behaviour", "https://hacks.im/ontology/metaOntology/metaOntology#": "metaOntology", "https://hacks.im/ontology/domain/existent/armament/armament#": "armament", "https://hacks.im/ontology/domain/subsistent/cognitive/blueTeam/blueTeam#": "blueTeam", "https://hacks.im/ontology/domain/existent/sensor/sensor#": "sensor", "https://hacks.im/ontology/core/core#": "core", "https://hacks.im/ontology/domain/subsistent/social/organisation/organisation#": "organisation", "https://hacks.im/ontology/domain/subsistent/cognitive/cognitive#": "cognitive", "https://hacks.im/ontology/domain/subsistent/information/message/message#": "message"}}